{"cameraMode":{"drawMode":0,"name":"Shaded","section":"Shading Mode"},"sceneLighting":true,"audioPlay":false,"sceneViewState":{"showFog":true,"showMaterialUpdate":false,"showSkybox":true,"showFlares":true,"showImageEffects":true,"showParticleSystems":true},"in2DMode":false,"pivot":{"x":171.58804321289063,"y":58.64781188964844,"z":464.89862060546877},"rotation":{"x":0.06626013666391373,"y":0.0053909835405647758,"z":-0.00035792298149317503,"w":0.9977877736091614},"size":1121.7451171875,"orthographic":false}